[{"model": "admin.logentry", "pk": 1, "fields": {"action_time": "2026-01-27T16:19:00.188Z", "user": 1, "content_type": 12, "object_id": "1", "object_repr": "Veggies", "action_flag": 1, "change_message": "[{\"added\": {}}]"}}, {"model": "admin.logentry", "pk": 2, "fields": {"action_time": "2026-01-27T16:19:12.677Z", "user": 1, "content_type": 12, "object_id": "2", "object_repr": "Fruits", "action_flag": 1, "change_message": "[{\"added\": {}}]"}}, {"model": "admin.logentry", "pk": 3, "fields": {"action_time": "2026-01-27T16:19:21.130Z", "user": 1, "content_type": 12, "object_id": "3", "object_repr": "Rice", "action_flag": 1, "change_message": "[{\"added\": {}}]"}}, {"model": "admin.logentry", "pk": 4, "fields": {"action_time": "2026-01-27T16:19:36.071Z", "user": 1, "content_type": 12, "object_id": "4", "object_repr": "Coconut", "action_flag": 1, "change_message": "[{\"added\": {}}]"}}, {"model": "admin.logentry", "pk": 5, "fields": {"action_time": "2026-01-27T16:19:45.391Z", "user": 1, "content_type": 12, "object_id": "5", "object_repr": "Grains", "action_flag": 1, "change_message": "[{\"added\": {}}]"}}, {"model": "admin.logentry", "pk": 6, "fields": {"action_time": "2026-01-27T16:20:15.454Z", "user": 1, "content_type": 12, "object_id": "6", "object_repr": "Pulses", "action_flag": 1, "change_message": "[{\"added\": {}}]"}}, {"model": "admin.logentry", "pk": 7, "fields": {"action_time": "2026-01-27T16:20:47.178Z", "user": 1, "content_type": 12, "object_id": "7", "object_repr": "Oils", "action_flag": 1, "change_message": "[{\"added\": {}}]"}}, {"model": "admin.logentry", "pk": 8, "fields": {"action_time": "2026-01-27T19:40:23.697Z", "user": 1, "content_type": 12, "object_id": "8", "object_repr": "Dairy", "action_flag": 1, "change_message": "[{\"added\": {}}]"}}, {"model": "admin.logentry", "pk": 9, "fields": {"action_time": "2026-01-28T19:05:10.463Z", "user": 1, "content_type": 12, "object_id": "9", "object_repr": "Eggs & Poultry", "action_flag": 1, "change_message": "[{\"added\": {}}]"}}, {"model": "admin.logentry", "pk": 10, "fields": {"action_time": "2026-01-28T19:06:31.047Z", "user": 1, "content_type": 12, "object_id": "10", "object_repr": "Honey", "action_flag": 1, "change_message": "[{\"added\": {}}]"}}, {"model": "admin.logentry", "pk": 11, "fields": {"action_time": "2026-01-28T19:07:27.442Z", "user": 1, "content_type": 12, "object_id": "11", "object_repr": "Spices & Herbs", "action_flag": 1, "change_message": "[{\"added\": {}}]"}}, {"model": "admin.logentry", "pk": 12, "fields": {"action_time": "2026-01-28T19:08:17.943Z", "user": 1, "content_type": 12, "object_id": "12", "object_repr": "Organic Seeds & Plants", "action_flag": 1, "change_message": "[{\"added\": {}}]"}}, {"model": "admin.logentry", "pk": 13, "fields": {"action_time": "2026-01-28T19:09:56.966Z", "user": 1, "content_type": 12, "object_id": "13", "object_repr": "Pickles", "action_flag": 1, "change_message": "[{\"added\": {}}]"}}, {"model": "auth.user", "pk": 1, "fields": {"password": "pbkdf2_sha256$600000$vRLV8JSHRceRsi5JerJcYS$ssRBd6fXQ7L623QuC82EZW08qE/1jh+jZLVE1IQ/Jkw=", "last_login": "2026-02-25T04:09:14.398Z", "is_superuser": true, "username": "hp", "first_name": "", "last_name": "", "email": "palekarmanashree@gmail.com", "is_staff": true, "is_active": true, "date_joined": "2026-01-08T19:05:43.190Z", "groups": [], "user_permissions": []}}, {"model": "auth.user", "pk": 2, "fields": {"password": "pbkdf2_sha256$600000$1NXYVWb7IKIhfitcKyBBSN$t7K9VUHwgzmD3qdl0ifwrUWxI/yDxwWaJKuI19pzouY=", "last_login": null, "is_superuser": false, "username": "shravi@gmail.com", "first_name": "Sharvi Sawant", "last_name": "", "email": "shravi@gmail.com", "is_staff": false, "is_active": true, "date_joined": "2026-01-10T11:09:57.403Z", "groups": [], "user_permissions": []}}, {"model": "auth.user", "pk": 3, "fields": {"password": "pbkdf2_sha256$600000$itD2P8qNxHq9vJogdPRgfF$PRfCGYHaroutyPq5ogHbyfvWcMrEODxWrag5f3DMbvU=", "last_login": "2026-01-10T11:27:55.288Z", "is_superuser": false, "username": "lavanya@gmail.com", "first_name": "Lavanya", "last_name": "", "email": "lavanya@gmail.com", "is_staff": false, "is_active": true, "date_joined": "2026-01-10T11:27:42.219Z", "groups": [], "user_permissions": []}}, {"model": "auth.user", "pk": 4, "fields": {"password": "pbkdf2_sha256$600000$Ia4zc2O90ONx67FApt4L18$yVpT71+FvPkT1E5fBMyyhYIqxlpSy0JrFvfqC6zGevE=", "last_login": "2026-01-28T18:20:33.671Z", "is_superuser": false, "username": "hrutvi@gmail.com", "first_name": "Hrutvi Pawar", "last_name": "", "email": "hrutvi@gmail.com", "is_staff": false, "is_active": true, "date_joined": "2026-01-21T15:24:56.609Z", "groups": [], "user_permissions": []}}, {"model": "auth.user", "pk": 5, "fields": {"password": "pbkdf2_sha256$600000$SebQlvcdweLLy5divfz9ie$cC2YWd38ARIFjERGaTjNKDANqZ2dU/VY08QNZJy2bAU=", "last_login": null, "is_superuser": false, "username": "palekarmanashree@gmail.com", "first_name": "Manshri Palekar", "last_name": "", "email": "palekarmanashree@gmail.com", "is_staff": false, "is_active": true, "date_joined": "2026-01-22T13:08:44.336Z", "groups": [], "user_permissions": []}}, {"model": "auth.user", "pk": 6, "fields": {"password": "pbkdf2_sha256$600000$pOwE8I6Sa4T7UgjHRrtpOQ$/ZjY/GXKBHa1wey+kpex4BzpBVbIW7d6rg6HP4+wS+E=", "last_login": null, "is_superuser": false, "username": "shreeya@gmail.com", "first_name": "Shreeya", "last_name": "", "email": "shreeya@gmail.com", "is_staff": false, "is_active": true, "date_joined": "2026-01-22T16:45:13.699Z", "groups": [], "user_permissions": []}}, {"model": "auth.user", "pk": 7, "fields": {"password": "pbkdf2_sha256$600000$iOcr673FppUmx0FmuevVWu$SDO7FFE39Z3V6nmUxgGWDNIHLXxJYZgyGuTa4n6b26A=", "last_login": null, "is_superuser": false, "username": "shreeyansh@gmail.com", "first_name": "shreeyansh", "last_name": "", "email": "shreeyansh@gmail.com", "is_staff": false, "is_active": true, "date_joined": "2026-01-22T16:47:07.676Z", "groups": [], "user_permissions": []}}, {"model": "auth.user", "pk": 8, "fields": {"password": "pbkdf2_sha256$600000$S26AL6uKrv3VUBIqvEsIas$YwiOfufAqMCfokdRsRbnAotB+F5+pNjhRyewsmbka20=", "last_login": null, "is_superuser": false, "username": "bhumi@gmail.com", "first_name": "Bhumi Shinde", "last_name": "", "email": "bhumi@gmail.com", "is_staff": false, "is_active": true, "date_joined": "2026-01-22T17:39:05.290Z", "groups": [], "user_permissions": []}}, {"model": "auth.user", "pk": 9, "fields": {"password": "pbkdf2_sha256$600000$8jX6khpLcNkL9JZmrzk0cK$HNQINRdoTiwC4F09M1jodaT3h0o2pPqVALW7Hno7Hhw=", "last_login": null, "is_superuser": false, "username": "pawar@gmail.com", "first_name": "Nitin pawar", "last_name": "", "email": "pawar@gmail.com", "is_staff": false, "is_active": true, "date_joined": "2026-01-22T17:56:32.396Z", "groups": [], "user_permissions": []}}, {"model": "auth.user", "pk": 10, "fields": {"password": "pbkdf2_sha256$600000$3fmobbLuV0Y86Y0bUR9D81$Tp8H/EKHHobTMvd6Cxt0W9PBS/pPcGa+JsmQpKM0fhQ=", "last_login": "2026-01-24T18:04:07.140Z", "is_superuser": false, "username": "nitin@gmail.com", "first_name": "nitin parab", "last_name": "", "email": "nitin@gmail.com", "is_staff": false, "is_active": true, "date_joined": "2026-01-22T18:06:09.283Z", "groups": [], "user_permissions": []}}, {"model": "auth.user", "pk": 11, "fields": {"password": "pbkdf2_sha256$600000$mpJRtlJA4uB0AzvfEM27Ej$XhocnrZxhM/RL9xfjf9DjVM3jAoDlJpvfcdt37QdNPs=", "last_login": "2026-01-27T16:04:49.094Z", "is_superuser": false, "username": "kirti@gmail.com", "first_name": "Kirti Mohite", "last_name": "", "email": "kirti@gmail.com", "is_staff": false, "is_active": true, "date_joined": "2026-01-23T05:07:19.906Z", "groups": [], "user_permissions": []}}, {"model": "auth.user", "pk": 12, "fields": {"password": "pbkdf2_sha256$600000$rCrwGAzjlGRv7MexAr3mUv$dZgv4pOYWstqUV4fK0KgT5T8bywbj9pkoKT044k1p4g=", "last_login": "2026-01-27T19:44:04.900Z", "is_superuser": false, "username": "ramesh@gmail.com", "first_name": "Ramesh Mhatre", "last_name": "", "email": "ramesh@gmail.com", "is_staff": false, "is_active": true, "date_joined": "2026-01-27T16:05:52.315Z", "groups": [], "user_permissions": []}}, {"model": "auth.user", "pk": 13, "fields": {"password": "pbkdf2_sha256$600000$REctJAmIIcCei3wRepSSU6$eKMSAHL0APFr6qmZSVPyV0k2m0HjbzX81ag0/9B3NvU=", "last_login": "2026-01-27T18:58:39.782Z", "is_superuser": false, "username": "pmanshri23cs@student.mes.ac.in", "first_name": "Manshri Palekar", "last_name": "", "email": "pmanshri23cs@student.mes.ac.in", "is_staff": false, "is_active": true, "date_joined": "2026-01-27T18:58:25.487Z", "groups": [], "user_permissions": []}}, {"model": "auth.user", "pk": 14, "fields": {"password": "pbkdf2_sha256$600000$KQnU45dwOURotyhbPalBGh$RogJkFs9/JFUWcizj8iGLJnDV2hbWup4pAyzMWDMrxg=", "last_login": "2026-02-05T18:19:12.894Z", "is_superuser": false, "username": "anjalipalekar86722@gmail.com", "first_name": "Anjali Palekar", "last_name": "", "email": "anjalipalekar86722@gmail.com", "is_staff": false, "is_active": true, "date_joined": "2026-01-28T18:46:14.924Z", "groups": [], "user_permissions": []}}, {"model": "auth.user", "pk": 15, "fields": {"password": "pbkdf2_sha256$600000$puDubC8Q6jiX6IaFczvAzf$I0zqS+we/9vQJy5B5hZVrjxZ2CDWL/IJ579zV62WyGU=", "last_login": "2026-05-14T15:50:16.629Z", "is_superuser": false, "username": "sunil@gmail.com", "first_name": "Sunit Raut", "last_name": "", "email": "sunil@gmail.com", "is_staff": false, "is_active": true, "date_joined": "2026-01-28T19:12:03.263Z", "groups": [], "user_permissions": []}}, {"model": "auth.user", "pk": 16, "fields": {"password": "pbkdf2_sha256$600000$T3tRIvvaxgNesilZkFp3uf$DeyWl4nLPAce0x0HLzybM/yDmnNR7iE0XEwI6fN9fkE=", "last_login": "2026-01-29T03:12:33.486Z", "is_superuser": false, "username": "pfiza23cs@student.mes.ac.in", "first_name": "Fiza", "last_name": "", "email": "pfiza23cs@student.mes.ac.in", "is_staff": false, "is_active": true, "date_joined": "2026-01-29T02:39:03.115Z", "groups": [], "user_permissions": []}}, {"model": "auth.user", "pk": 17, "fields": {"password": "pbkdf2_sha256$600000$4QHlVnITZHFGjQI0aOF9HJ$SzywZUSCN0wUghM4+dDV9DwJfcQWZmJ6ppx+GHYqfh8=", "last_login": "2026-02-25T03:12:00.824Z", "is_superuser": false, "username": "mkirti23cs@student.mes.ac.in", "first_name": "Kirti Mohite", "last_name": "", "email": "mkirti23cs@student.mes.ac.in", "is_staff": false, "is_active": true, "date_joined": "2026-01-29T02:58:29.529Z", "groups": [], "user_permissions": []}}, {"model": "auth.user", "pk": 18, "fields": {"password": "pbkdf2_sha256$600000$mDHKEy0sAaOdtfvH7M1XeC$+aFYth+U7Vm5pXCWumW+2ydBn7XnQ6+bR+mdcLaYdfU=", "last_login": "2026-02-25T03:26:32.343Z", "is_superuser": false, "username": "namdev@gmail.com", "first_name": "Namdev Mhatre", "last_name": "", "email": "namdev@gmail.com", "is_staff": false, "is_active": true, "date_joined": "2026-02-25T03:26:19.014Z", "groups": [], "user_permissions": []}}, {"model": "auth.user", "pk": 19, "fields": {"password": "pbkdf2_sha256$600000$t2iSPpM3gOCRmEiBqic39u$xnvuqZB1p14qsUkEAdMwyP0WtHfdqILtVNYEh3wQkfQ=", "last_login": null, "is_superuser": true, "username": "adminmanshri", "first_name": "", "last_name": "", "email": "palekarmanshri45@gmail.com", "is_staff": true, "is_active": true, "date_joined": "2026-05-15T06:05:15.059Z", "groups": [], "user_permissions": []}}, {"model": "sessions.session", "pk": "col50c2fapv2szdwqfulzxo4nb0lx2dg", "fields": {"session_data": ".eJxVjMEOwiAQRP-FsyECBXY9evcbCMuCVA1NSnsy_rtt0oPeJvPezFuEuC41rD3PYWRxEcqK029JMT1z2wk_YrtPMk1tmUeSuyIP2uVt4vy6Hu7fQY29bmtT2CNpTCqBKYZtLmCMdgrOmQ2AHQAcMnpil4DIstdYQJVhC45QfL4D9Dff:1wNYKG:ok9nninH9fE9V9JZ7icbVe77uzG7yR-vtZl6VvHDx78", "expire_date": "2026-05-28T15:50:16.641Z"}}, {"model": "sessions.session", "pk": "gdw9y89hd8vm0twjuq6w65e01z8fxzun", "fields": {"session_data": ".eJxVjMEOwiAQRP-FsyECBXY9evcbCMuCVA1NSnsy_rtt0oPeJvPezFuEuC41rD3PYWRxEcqK029JMT1z2wk_YrtPMk1tmUeSuyIP2uVt4vy6Hu7fQY29bmtT2CNpTCqBKYZtLmCMdgrOmQ2AHQAcMnpil4DIstdYQJVhC45QfL4D9Dff:1w60Zm:bjX83V2uAUnPZqq6iMsFhjO7SJHVJZhi1AmsDcAwBjo", "expire_date": "2026-04-10T06:21:46.943Z"}}, {"model": "sessions.session", "pk": "hr3uomdxdmtq00axu3e6d9jmsebovnrp", "fields": {"session_data": ".eJxVjMEOwiAQRP-FsyECBXY9evcbCMuCVA1NSnsy_rtt0oPeJvPezFuEuC41rD3PYWRxEcqK029JMT1z2wk_YrtPMk1tmUeSuyIP2uVt4vy6Hu7fQY29bmtT2CNpTCqBKYZtLmCMdgrOmQ2AHQAcMnpil4DIstdYQJVhC45QfL4D9Dff:1vonxg:Q0RQxndqS4hwuLCBrO54zS-SOZYhrGqSA3nMBbcXK-Q", "expire_date": "2026-02-21T19:27:20.298Z"}}, {"model": "sessions.session", "pk": "j9xn2u1jhqyqs7bo4p6q90ncdsmmsase", "fields": {"session_data": ".eJxVjE0OwiAYBe_C2hChJYBL956BfH9I1UBS2lXj3bVJF7p9M_M2lWBdSlq7zGlidVFGnX43BHpK3QE_oN6bplaXeUK9K_qgXd8ay-t6uH8HBXr51p5JcgBnaeQYhmitgcz2TOwtAqIbZBzAsfEUiQIReoNoyUmO2RhU7w8NJjlD:1vv6D4:NEonEP_6ktrn_w_y1Lz_fHgJ97tzqlIn8zHFm6O0c8c", "expire_date": "2026-03-11T04:09:14.407Z"}}, {"model": "sessions.session", "pk": "v9xjpwc5f7orcxhbmfzpv7ww9kld3o0w", "fields": {"session_data": ".eJxVjMEOwiAQRP-FsyECBXY9evcbCMuCVA1NSnsy_rtt0oPeJvPezFuEuC41rD3PYWRxEcqK029JMT1z2wk_YrtPMk1tmUeSuyIP2uVt4vy6Hu7fQY29bmtT2CNpTCqBKYZtLmCMdgrOmQ2AHQAcMnpil4DIstdYQJVhC45QfL4D9Dff:1wGZqe:n0biKEFJ6DH1Tu4vRdYo7KQWo7RflTjLi27CgwkYwxQ", "expire_date": "2026-05-09T10:02:52.310Z"}}, {"model": "website.profile", "pk": 1, "fields": {"user": 12, "role": "farmer", "phone": "7485961452", "address": "Panvel", "photo": "profiles/img6_9Z6U89X.jpg"}}, {"model": "website.profile", "pk": 2, "fields": {"user": 13, "role": "user", "phone": "8591906787", "address": "Kamothe", "photo": "profiles/IMG_6610_xC2KfQF.JPG"}}, {"model": "website.profile", "pk": 3, "fields": {"user": 14, "role": "user", "phone": "9324568542", "address": "Kamothe", "photo": "profiles/IMG_6610_2SApV3Z.JPG"}}, {"model": "website.profile", "pk": 4, "fields": {"user": 15, "role": "farmer", "phone": "9087654423", "address": "Devgad", "photo": "profiles/famer.jpg"}}, {"model": "website.profile", "pk": 5, "fields": {"user": 16, "role": "user", "phone": "9167070638", "address": "Panvel", "photo": "profiles/IMG_6610_O6j8oAV.JPG"}}, {"model": "website.profile", "pk": 6, "fields": {"user": 17, "role": "user", "phone": "7485964152", "address": "Kamothe", "photo": "profiles/IMG_6610_Ub1dnMH.JPG"}}, {"model": "website.profile", "pk": 7, "fields": {"user": 18, "role": "farmer", "phone": "8574859674", "address": "Kankavli", "photo": "profiles/famer_Exs2pU2.jpg"}}, {"model": "website.category", "pk": 1, "fields": {"name": "Veggies", "image": "categories/veggies.jpg"}}, {"model": "website.category", "pk": 2, "fields": {"name": "Fruits", "image": "categories/fruits.jpg"}}, {"model": "website.category", "pk": 3, "fields": {"name": "Rice", "image": "categories/basmati-rice-recipe.jpg"}}, {"model": "website.category", "pk": 4, "fields": {"name": "Coconut", "image": "categories/coconut.jpg"}}, {"model": "website.category", "pk": 5, "fields": {"name": "Grains", "image": "categories/grains.jpg"}}, {"model": "website.category", "pk": 6, "fields": {"name": "Pulses", "image": "categories/pulses.jpg"}}, {"model": "website.category", "pk": 7, "fields": {"name": "Oils", "image": "categories/oils.jpg"}}, {"model": "website.category", "pk": 8, "fields": {"name": "Dairy", "image": "categories/milk.jpg"}}, {"model": "website.category", "pk": 9, "fields": {"name": "Eggs & Poultry", "image": "categories/eggs.jpg"}}, {"model": "website.category", "pk": 10, "fields": {"name": "Honey", "image": "categories/honey.jpg"}}, {"model": "website.category", "pk": 11, "fields": {"name": "Spices & Herbs", "image": "categories/herbs.jpg"}}, {"model": "website.category", "pk": 12, "fields": {"name": "Organic Seeds & Plants", "image": "categories/seeds.jpg"}}, {"model": "website.category", "pk": 13, "fields": {"name": "Pickles", "image": "categories/Pickles.jpg"}}, {"model": "website.product", "pk": 1, "fields": {"farmer": 12, "category": 3, "name": "Rice", "description": "Mild-flavored and fluffy when cooked.", "price": "40.00", "quantity": 1, "unit": "kg", "image": "products/Rice.jpg", "created_at": "2026-01-27T16:22:51.521Z"}}, {"model": "website.product", "pk": 2, "fields": {"farmer": 12, "category": 1, "name": "Tomato", "description": "Juicy and tangy red fruit-vegetable.", "price": "30.00", "quantity": 1, "unit": "kg", "image": "products/Tomatoes.jpg", "created_at": "2026-01-27T16:24:23.725Z"}}, {"model": "website.product", "pk": 3, "fields": {"farmer": 12, "category": 8, "name": "Paneer", "description": "Soft, velvety cottage cheese cubes made from pure milk.", "price": "100.00", "quantity": 150, "unit": "g", "image": "products/paneer.jpg", "created_at": "2026-01-27T19:46:22.490Z"}}, {"model": "website.product", "pk": 5, "fields": {"farmer": 15, "category": 8, "name": "Ghee", "description": "Pure, farm-made ghee prepared from fresh milk.", "price": "280.00", "quantity": 1, "unit": "kg", "image": "products/Ghee.jpg", "created_at": "2026-01-28T19:16:28.255Z"}}, {"model": "website.product", "pk": 6, "fields": {"farmer": 15, "category": 8, "name": "Milk", "description": "Fresh, pure milk sourced from healthy farms", "price": "35.00", "quantity": 1, "unit": "l", "image": "products/milk.jpg", "created_at": "2026-01-28T19:19:31.374Z"}}, {"model": "website.product", "pk": 7, "fields": {"farmer": 15, "category": 8, "name": "Almond Milk", "description": "Almond milk made from premium almonds", "price": "100.00", "quantity": 1, "unit": "l", "image": "products/almond_milk.jpg", "created_at": "2026-01-28T19:21:14.802Z"}}, {"model": "website.product", "pk": 8, "fields": {"farmer": 15, "category": 3, "name": "Rice", "description": "It very staple diet", "price": "40.00", "quantity": 1, "unit": "kg", "image": "products/basmati-rice-recipe_yfqzLK7.jpg", "created_at": "2026-01-29T02:34:38.315Z"}}, {"model": "website.product", "pk": 12, "fields": {"farmer": 15, "category": 2, "name": "Mango", "description": "It is sweet, juicy.", "price": "100.00", "quantity": 1, "unit": "kg", "image": "products/mango.jpg", "created_at": "2026-02-25T03:24:09.894Z"}}, {"model": "website.product", "pk": 13, "fields": {"farmer": 18, "category": 2, "name": "Guava", "description": "It is sweet.", "price": "40.00", "quantity": 1, "unit": "kg", "image": "products/guava.jpg", "created_at": "2026-02-25T03:27:01.679Z"}}, {"model": "website.order", "pk": 1, "fields": {"order_id": "ORD-DEEC1F36", "user": 4, "total_amount": "60.00", "status": "PENDING", "payment_method": "", "created_at": "2026-01-27T18:18:07.115Z", "is_paid": false}}, {"model": "website.order", "pk": 2, "fields": {"order_id": "ORD-984787C3", "user": 4, "total_amount": "60.00", "status": "PENDING", "payment_method": "", "created_at": "2026-01-27T18:20:01.820Z", "is_paid": false}}, {"model": "website.order", "pk": 3, "fields": {"order_id": "ORD-6901463A", "user": 13, "total_amount": "100.00", "status": "PENDING", "payment_method": "", "created_at": "2026-01-27T18:59:05.982Z", "is_paid": false}}, {"model": "website.order", "pk": 4, "fields": {"order_id": "ORD-EBF171BE", "user": 13, "total_amount": "0.00", "status": "PENDING", "payment_method": "", "created_at": "2026-01-27T19:09:45.488Z", "is_paid": false}}, {"model": "website.order", "pk": 5, "fields": {"order_id": "ORD-1521333C", "user": 4, "total_amount": "230.00", "status": "PENDING", "payment_method": "", "created_at": "2026-01-28T18:20:59.311Z", "is_paid": false}}, {"model": "website.order", "pk": 6, "fields": {"order_id": "ORD-7616429B", "user": 4, "total_amount": "60.00", "status": "CONFIRMED", "payment_method": "", "created_at": "2026-01-28T18:30:28.602Z", "is_paid": false}}, {"model": "website.order", "pk": 7, "fields": {"order_id": "ORD-282CEEA8", "user": 14, "total_amount": "230.00", "status": "CONFIRMED", "payment_method": "", "created_at": "2026-01-28T18:46:59.488Z", "is_paid": false}}, {"model": "website.order", "pk": 8, "fields": {"order_id": "ORD-669A3431", "user": 14, "total_amount": "100.00", "status": "CONFIRMED", "payment_method": "", "created_at": "2026-01-28T18:53:35.239Z", "is_paid": false}}, {"model": "website.order", "pk": 9, "fields": {"order_id": "ORD-A601D3E3", "user": 14, "total_amount": "460.00", "status": "CONFIRMED", "payment_method": "", "created_at": "2026-01-28T19:23:02.728Z", "is_paid": false}}, {"model": "website.order", "pk": 10, "fields": {"order_id": "ORD-C3182BE2", "user": 14, "total_amount": "230.00", "status": "CONFIRMED", "payment_method": "", "created_at": "2026-01-29T02:30:39.705Z", "is_paid": false}}, {"model": "website.order", "pk": 11, "fields": {"order_id": "ORD-689CF8A1", "user": 16, "total_amount": "315.00", "status": "CONFIRMED", "payment_method": "", "created_at": "2026-01-29T02:39:57.079Z", "is_paid": false}}, {"model": "website.order", "pk": 12, "fields": {"order_id": "ORD-6DEF5D93", "user": 14, "total_amount": "200.00", "status": "CONFIRMED", "payment_method": "", "created_at": "2026-01-29T02:44:36.701Z", "is_paid": false}}, {"model": "website.order", "pk": 13, "fields": {"order_id": "ORD-8C726B75", "user": 17, "total_amount": "660.00", "status": "CONFIRMED", "payment_method": "", "created_at": "2026-01-29T02:59:00.660Z", "is_paid": false}}, {"model": "website.order", "pk": 14, "fields": {"order_id": "ORD-97444D72", "user": 16, "total_amount": "200.00", "status": "CONFIRMED", "payment_method": "", "created_at": "2026-01-29T03:13:33.819Z", "is_paid": false}}, {"model": "website.order", "pk": 15, "fields": {"order_id": "ORD-90E0FEC4", "user": 17, "total_amount": "560.00", "status": "CONFIRMED", "payment_method": "", "created_at": "2026-01-29T03:22:56.684Z", "is_paid": false}}, {"model": "website.order", "pk": 16, "fields": {"order_id": "ORD-709A9EC8", "user": 17, "total_amount": "660.00", "status": "CONFIRMED", "payment_method": "", "created_at": "2026-01-29T05:09:12.229Z", "is_paid": false}}, {"model": "website.order", "pk": 17, "fields": {"order_id": "ORD-511E7422", "user": 14, "total_amount": "135.00", "status": "CONFIRMED", "payment_method": "", "created_at": "2026-02-03T10:36:04.960Z", "is_paid": false}}, {"model": "website.order", "pk": 18, "fields": {"order_id": "ORD-F53BE406", "user": 14, "total_amount": "380.00", "status": "CONFIRMED", "payment_method": "", "created_at": "2026-02-03T10:46:53.479Z", "is_paid": false}}, {"model": "website.order", "pk": 19, "fields": {"order_id": "ORD-76F690E1", "user": 14, "total_amount": "280.00", "status": "CONFIRMED", "payment_method": "", "created_at": "2026-02-03T10:54:00.822Z", "is_paid": false}}, {"model": "website.order", "pk": 20, "fields": {"order_id": "ORD-60B5B50C", "user": 14, "total_amount": "280.00", "status": "CONFIRMED", "payment_method": "", "created_at": "2026-02-03T11:05:28.277Z", "is_paid": false}}, {"model": "website.order", "pk": 21, "fields": {"order_id": "ORD-572B343A", "user": 14, "total_amount": "280.00", "status": "CONFIRMED", "payment_method": "", "created_at": "2026-02-03T11:07:42.298Z", "is_paid": false}}, {"model": "website.order", "pk": 22, "fields": {"order_id": "ORD-131D5920", "user": 14, "total_amount": "280.00", "status": "CONFIRMED", "payment_method": "", "created_at": "2026-02-03T11:08:13.857Z", "is_paid": false}}, {"model": "website.order", "pk": 23, "fields": {"order_id": "ORD-6C747BFF", "user": 14, "total_amount": "170.00", "status": "PENDING", "payment_method": "", "created_at": "2026-02-05T17:15:41.239Z", "is_paid": false}}, {"model": "website.order", "pk": 24, "fields": {"order_id": "ORD-56991032", "user": 14, "total_amount": "170.00", "status": "PENDING", "payment_method": "", "created_at": "2026-02-05T17:32:47.035Z", "is_paid": false}}, {"model": "website.order", "pk": 25, "fields": {"order_id": "ORD-4ED6BDEE", "user": 14, "total_amount": "135.00", "status": "PENDING", "payment_method": "", "created_at": "2026-02-05T17:33:02.788Z", "is_paid": false}}, {"model": "website.order", "pk": 26, "fields": {"order_id": "ORD-C55254F9", "user": 14, "total_amount": "135.00", "status": "CONFIRMED", "payment_method": "", "created_at": "2026-02-05T17:37:31.997Z", "is_paid": false}}, {"model": "website.order", "pk": 27, "fields": {"order_id": "ORD-D0FD4D33", "user": 17, "total_amount": "240.00", "status": "CONFIRMED", "payment_method": "", "created_at": "2026-02-25T03:13:53.631Z", "is_paid": false}}, {"model": "website.orderitem", "pk": 1, "fields": {"order": 1, "product": 2, "qty": 2, "price": "30.00", "farmer": 1}}, {"model": "website.orderitem", "pk": 2, "fields": {"order": 2, "product": 2, "qty": 2, "price": "30.00", "farmer": 1}}, {"model": "website.orderitem", "pk": 3, "fields": {"order": 3, "product": 1, "qty": 1, "price": "40.00", "farmer": 1}}, {"model": "website.orderitem", "pk": 4, "fields": {"order": 3, "product": 2, "qty": 2, "price": "30.00", "farmer": 1}}, {"model": "website.orderitem", "pk": 5, "fields": {"order": 5, "product": 2, "qty": 1, "price": "30.00", "farmer": 1}}, {"model": "website.orderitem", "pk": 6, "fields": {"order": 5, "product": 3, "qty": 2, "price": "100.00", "farmer": 1}}, {"model": "website.orderitem", "pk": 7, "fields": {"order": 6, "product": 2, "qty": 2, "price": "30.00", "farmer": 1}}, {"model": "website.orderitem", "pk": 8, "fields": {"order": 7, "product": 2, "qty": 1, "price": "30.00", "farmer": 1}}, {"model": "website.orderitem", "pk": 9, "fields": {"order": 7, "product": 3, "qty": 2, "price": "100.00", "farmer": 1}}, {"model": "website.orderitem", "pk": 10, "fields": {"order": 8, "product": 3, "qty": 1, "price": "100.00", "farmer": 1}}, {"model": "website.orderitem", "pk": 11, "fields": {"order": 9, "product": 1, "qty": 2, "price": "40.00", "farmer": 1}}, {"model": "website.orderitem", "pk": 12, "fields": {"order": 9, "product": 5, "qty": 1, "price": "280.00", "farmer": 1}}, {"model": "website.orderitem", "pk": 13, "fields": {"order": 9, "product": 7, "qty": 1, "price": "100.00", "farmer": 1}}, {"model": "website.orderitem", "pk": 14, "fields": {"order": 10, "product": 2, "qty": 1, "price": "30.00", "farmer": 1}}, {"model": "website.orderitem", "pk": 15, "fields": {"order": 10, "product": 3, "qty": 2, "price": "100.00", "farmer": 1}}, {"model": "website.orderitem", "pk": 16, "fields": {"order": 11, "product": 5, "qty": 1, "price": "280.00", "farmer": 1}}, {"model": "website.orderitem", "pk": 17, "fields": {"order": 11, "product": 6, "qty": 1, "price": "35.00", "farmer": 1}}, {"model": "website.orderitem", "pk": 18, "fields": {"order": 12, "product": 3, "qty": 2, "price": "100.00", "farmer": 1}}, {"model": "website.orderitem", "pk": 19, "fields": {"order": 13, "product": 3, "qty": 1, "price": "100.00", "farmer": 1}}, {"model": "website.orderitem", "pk": 20, "fields": {"order": 13, "product": 5, "qty": 2, "price": "280.00", "farmer": 1}}, {"model": "website.orderitem", "pk": 21, "fields": {"order": 14, "product": 3, "qty": 2, "price": "100.00", "farmer": 1}}, {"model": "website.orderitem", "pk": 22, "fields": {"order": 15, "product": 5, "qty": 2, "price": "280.00", "farmer": 1}}, {"model": "website.orderitem", "pk": 23, "fields": {"order": 16, "product": 3, "qty": 1, "price": "100.00", "farmer": 1}}, {"model": "website.orderitem", "pk": 24, "fields": {"order": 16, "product": 5, "qty": 2, "price": "280.00", "farmer": 1}}, {"model": "website.orderitem", "pk": 25, "fields": {"order": 17, "product": 3, "qty": 1, "price": "100.00", "farmer": 1}}, {"model": "website.orderitem", "pk": 26, "fields": {"order": 17, "product": 6, "qty": 1, "price": "35.00", "farmer": 1}}, {"model": "website.orderitem", "pk": 27, "fields": {"order": 18, "product": 3, "qty": 1, "price": "100.00", "farmer": 1}}, {"model": "website.orderitem", "pk": 28, "fields": {"order": 18, "product": 5, "qty": 1, "price": "280.00", "farmer": 1}}, {"model": "website.orderitem", "pk": 29, "fields": {"order": 19, "product": 5, "qty": 1, "price": "280.00", "farmer": 1}}, {"model": "website.orderitem", "pk": 30, "fields": {"order": 20, "product": 5, "qty": 1, "price": "280.00", "farmer": 1}}, {"model": "website.orderitem", "pk": 31, "fields": {"order": 21, "product": 5, "qty": 1, "price": "280.00", "farmer": 1}}, {"model": "website.orderitem", "pk": 32, "fields": {"order": 22, "product": 5, "qty": 1, "price": "280.00", "farmer": 1}}, {"model": "website.orderitem", "pk": 33, "fields": {"order": 24, "product": 3, "qty": 1, "price": "100.00", "farmer": 12}}, {"model": "website.orderitem", "pk": 34, "fields": {"order": 24, "product": 6, "qty": 2, "price": "35.00", "farmer": 15}}, {"model": "website.orderitem", "pk": 35, "fields": {"order": 25, "product": 3, "qty": 1, "price": "100.00", "farmer": 12}}, {"model": "website.orderitem", "pk": 36, "fields": {"order": 25, "product": 6, "qty": 1, "price": "35.00", "farmer": 15}}, {"model": "website.orderitem", "pk": 37, "fields": {"order": 26, "product": 3, "qty": 1, "price": "100.00", "farmer": 12}}, {"model": "website.orderitem", "pk": 38, "fields": {"order": 26, "product": 6, "qty": 1, "price": "35.00", "farmer": 15}}, {"model": "website.orderitem", "pk": 39, "fields": {"order": 27, "product": 1, "qty": 1, "price": "40.00", "farmer": 12}}, {"model": "website.orderitem", "pk": 40, "fields": {"order": 27, "product": 3, "qty": 2, "price": "100.00", "farmer": 12}}, {"model": "website.contact", "pk": 1, "fields": {"name": "Kirti Mohite", "email": "mkirti23cs@student.mes.ac.in", "subject": "Feedback", "message": "Very good", "created_at": "2026-01-29T03:31:03.343Z"}}]